{
    "IMD0012 - 2020.6: Lista Obrigatória, Semana 1": [
        100.0,
        100.0,
        66.6666666667,
        100.0,
        100.0,
        100.0,
        100.0,
        100.0,
        100.0,
        100.0,
        100.0,
        100.0,
        100.0,
        100.0,
        66.6666666667,
        20.0,
        100.0,
        100.0,
        100.0,
        33.3333333333,
        100.0,
        33.3333333333,
        100.0,
        100.0,
        0.0,
        100.0,
        66.6666666667,
        100.0,
        100.0,
        100.0,
        66.6666666667,
        100.0,
        100.0,
        100.0,
        100.0
    ],
    "IMD0012 - 2020.6: Lista Preparatória, Semana 3": [
        100.0,
        100.0,
        100.0,
        100.0,
        100.0,
        100.0,
        100.0,
        100.0,
        100.0,
        100.0,
        50.0,
        100.0,
        50.0,
        25.0,
        75.0,
        100.0,
        100.0,
        100.0,
        25.0,
        100.0,
        100.0,
        25.0,
        100.0,
        25.0,
        6.25,
        100.0,
        25.0
    ],
    "ITP - Funções - Lista": [
        100.0,
        25.0,
        100.0,
        50.0,
        100.0,
        25.0,
        100.0,
        75.0,
        100.0,
        75.0,
        100.0,
        100.0,
        100.0,
        100.0,
        100.0,
        25.0,
        50.0
    ],
    "ITP - Laços": [
        0.0,
        100.0,
        100.0,
        75.0,
        25.0,
        100.0,
        100.0,
        100.0,
        100.0,
        100.0,
        100.0,
        100.0,
        100.0,
        100.0,
        100.0,
        25.0,
        58.3325,
        100.0,
        100.0,
        100.0,
        100.0,
        50.0,
        100.0,
        100.0,
        50.0,
        4.1675,
        4.1675,
        100.0,
        50.0,
        100.0,
        16.6675,
        100.0,
        100.0,
        100.0
    ],
    "ITP - Matriz - Lista": [
        50.0,
        100.0,
        100.0,
        50.0,
        100.0,
        100.0,
        25.0,
        100.0,
        100.0,
        25.0,
        75.0,
        100.0,
        75.0,
        25.0
    ],
    "ITP - Ponteiros 1 - Lista": [
        50.0,
        50.0,
        0.0,
        25.0,
        75.0,
        50.0,
        75.0,
        50.0,
        50.0
    ],
    "ITP - Recursão - Lista": [
        0.0,
        50.0,
        75.0,
        43.75,
        75.0,
        0.0,
        60.0,
        100.0,
        100.0,
        70.0
    ],
    "ITP - Strings - Lista": [
        75.0,
        100.0,
        100.0,
        100.0,
        100.0,
        100.0,
        100.0,
        100.0,
        100.0,
        100.0,
        100.0,
        100.0,
        50.0,
        75.0,
        16.6675,
        100.0,
        75.0,
        25.0,
        100.0
    ]
}